482910, Иванов Иван Иванович, ivan.ivanov@urfu.ru
17, Петров Пётр Сергеевич, petr.petrov@tpu.ru
1903847562, Смирнова Анна Александровна, anna.smirnova@urfu.ru
65231, Кузнецова Мария Дмитриевна, maria.kuznetsova@tpu.ru
2147483647, Попов Алексей Николаевич, alexey.popov@urfu.ru
904, Васильева Елена Андреевна, elena.vasilieva@tpu.ru
731650284, Соколов Дмитрий Викторович, dmitry.sokolov@urfu.ru
3382, Михайлова Ольга Игоревна, olga.mikhailova@tpu.ru
1250077, Новиков Сергей Павлович, sergey.novikov@urfu.ru
88, Фёдорова Татьяна Васильевна, tatyana.fedorova@tpu.ru
1478203915, Орлов Николай Борисович, nikolay.orlov@tpu.ru
52746, Лебедева Екатерина Олеговна, ekaterina.lebedeva@urfu.ru

1478203915, Орлов Николай Борисович, nikolay.orlov@tpu.ru
52746, Лебедева Екатерина Олеговна, ekaterina.lebedeva@urfu.ru
309, Волков Андрей Геннадьевич, andrey.volkov@tpu.ru

309, Волков Андрей Геннадьевич, andrey.volkov@tpu.ru
2056118733, Зайцева Наталья Михайловна, natalya.zaytseva@urfu.ru
7194, Морозов Владимир Анатольевич, vladimir.morozov@tpu.ru
396027481, Павлова Юлия Евгеньевна, yulia.pavlova@urfu.ru
21, Козлов Артём Романович, artem.kozlov@tpu.ru
845513, Степанова Ирина Леонидовна, irina.stepanova@urfu.ru
1623990, Николаев Максим Владимирович, maxim.nikolaev@tpu.ru
999999999, Орлова Светлана Юрьевна, svetlana.orlova@urfu.ru